{"count":1,"self":36.031036799999995,"total":37.0532527,"children":{"InitializeActuators":{"count":3,"self":0.0010000999999999999,"total":0.0010000999999999999,"children":null},"InitializeSensors":{"count":3,"self":0.0030007,"total":0.0030007,"children":null},"AgentSendState":{"count":1565,"self":0.051749199999999995,"total":0.1122475,"children":{"CollectObservations":{"count":1565,"self":0.049500499999999996,"total":0.049500499999999996,"children":null},"WriteActionMask":{"count":1565,"self":0.00099899999999999989,"total":0.00099899999999999989,"children":null},"RequestDecision":{"count":1565,"self":0.0099988,"total":0.0099988,"children":null}}},"DecideAction":{"count":1565,"self":0.88981329999999992,"total":0.89481479999999991,"children":{"RayPerceptionSensor.Perceive":{"count":1565,"self":0.0050015,"total":0.0050015,"children":null}}},"AgentAct":{"count":1565,"self":0.0111526,"total":0.0111526,"children":null}},"gauges":{},"metadata":{"timer_format_version":"0.1.0","start_time_seconds":"1722524451","unity_version":"2022.3.22f1","command_line_arguments":"F:\\Programs\\2022.3.22f1\\Editor\\Unity.exe -projectpath C:\\Users\\atrej\\Unity\\ML URP -useHub -hubIPC -cloudEnvironment production","communication_protocol_version":"1.5.0","com.unity.ml-agents_version":"3.0.0-exp.1","scene_name":"KartClassic_Training","end_time_seconds":"1722524488"}}