{"count":1,"self":129.7122432,"total":130.6919021,"children":{"InitializeActuators":{"count":12,"self":0.0010012,"total":0.0010012,"children":null},"InitializeSensors":{"count":12,"self":0.0020009999999999997,"total":0.0020009999999999997,"children":null},"AgentSendState":{"count":6248,"self":0.095748599999999989,"total":0.11454189999999999,"children":{"CollectObservations":{"count":1250,"self":0.0050999999999999995,"total":0.0050999999999999995,"children":null},"WriteActionMask":{"count":1250,"self":0.0009971,"total":0.0009971,"children":null},"RequestDecision":{"count":1250,"self":0.0126962,"total":0.0126962,"children":null}}},"DecideAction":{"count":6248,"self":0.83442969999999994,"total":0.8414269,"children":{"RayPerceptionSensor.Perceive":{"count":1250,"self":0.0069971999999999994,"total":0.0069971999999999994,"children":null}}},"AgentAct":{"count":6248,"self":0.020687,"total":0.020687,"children":null}},"gauges":{"Car Behavior.CumulativeReward":{"count":2,"max":54.0842857,"min":25.6512489,"runningAverage":39.8677673,"value":54.0842857,"weightedAverage":32.7595062}},"metadata":{"timer_format_version":"0.1.0","start_time_seconds":"1715704461","unity_version":"2022.3.22f1","command_line_arguments":"F:\\Programs\\2022.3.22f1\\Editor\\Unity.exe -projectpath C:\\Users\\atrej\\Unity\\ML URP -useHub -hubIPC -cloudEnvironment production","communication_protocol_version":"1.5.0","com.unity.ml-agents_version":"3.0.0-exp.1","scene_name":"KartClassic_Training","end_time_seconds":"1715704592"}}